ID_CODE;HOMO_energy;LUMO_energy;GAP;Ionization_potential;Electroaffinity;Chemical_potential;Global_Hardness;Global_Softness;Electronegativity;Electrophilicity_Index;Electron_Acceptor;Electron_Donator;Electrophilicity_Net;
THR;-6.77593160824702;-0.368057491643943;6.407876293515;6.77593145858433;0.368057482392067;-3.57199469873741;3.2039369629528;115.55475034203;3.57199469873741;1.99116690461365;0.605661447530813;4.17765543666297;4.78331698556985;
ASP;-7.05960418420025;-0.745212319970685;6.31440513795;7.05960384405777;0.74521229575254;-3.90240814558005;3.15719590057677;117.26549276841;3.90240814558005;2.41175861338804;0.855204053508685;4.75761230048113;5.612816455355;
TYR;-6.24009570533282;-0.624912044744537;5.615181029246;6.24009584138981;0.624912033859977;-3.43250381114631;2.80759182800838;131.867495855882;3.43250381114631;2.09825414817716;0.732951297132342;4.16545490553469;4.89840640540011;
GLY;-6.90741148266683;-0.451247913995033;6.45617652674;6.9074112486488;0.451247930593986;-3.67932969144645;3.2280817609341;114.690445561786;3.67932969144645;2.09682827268456;0.66067377378526;4.34000290769463;5.00067652944708;
MET;-6.09840314796572;-0.68980405571362;5.408592088038;6.09840318878282;0.689804067414522;-3.39410350205547;2.70429948526504;136.904263072181;3.39410350205547;2.12993035849041;0.770916017769981;4.16501901299138;4.93593492937713;
TRP;-5.71419321477797;-0.647812306426148;5.066381534214;5.71419330457559;0.647812307786718;-3.18100272979876;2.5331903712138;146.151718270618;3.18100272979876;1.99724000292384;0.723387510452114;3.90438973339775;4.62777714247379;
VAL;-6.77208963082221;-0.517848901503493;6.254240734761;6.77208952197662;0.517848916469762;-3.64496919399822;3.12712032827772;118.393302097458;3.64496919399822;2.12428686776928;0.692692159750987;4.33766125238675;5.03035331074806;
PRO;-6.26921173899443;-0.386967476497334;5.882233699032;6.26921184239774;0.386967464252205;-3.3280897039926;2.94112213837793;125.8805655966;3.3280897039926;1.88298567211473;0.586580960704437;3.91467030990121;4.50125111856195;
ASN;-6.85744621114842;-0.640280030635694;6.217178809323;6.85744620570614;0.640280033901062;-3.74886327120782;3.10858313588988;119.099319897916;3.74886327120782;2.26051139959231;0.774652681322728;4.52351488812403;5.29816772149861;
LYS;-2.32543796715237;-0.773871471521941;1.551566759581;2.32543789912387;0.773871470705599;-1.54965468490657;0.775783264955675;477.233933781472;1.54965468490657;1.54774517142344;0.869890895480706;2.41954588449643;3.28943677997442;
SER;-7.13548393223093;-0.515748241365771;6.619744246129;7.1354840193074;0.515748218508195;-3.82561604255261;3.30986777343122;111.856474124822;3.82561604255261;2.21086445447532;0.71178982885335;4.53740587138691;5.24919570024843;
ALA;-6.84387210408266;-0.566881684637552;6.276989464325;6.84387230816815;0.566881709127811;-3.70537700837587;3.13849529919363;117.964205415468;3.70537700837587;2.18732504027556;0.726948448482745;4.43232616644754;5.1592745135651;
GLU;-7.4585438381465;-1.16685400055683;6.291683619785;7.45854405855883;1.16685404926523;-4.31269900378863;3.14584485307931;117.688607788426;4.31269900378863;2.95618090821684;1.19306183554524;5.50576083933115;6.69882267487366;
PHE;-6.78070704550313;-0.674306750369856;6.106401203994;6.78070721965608;0.674306769417835;-3.7275069690943;3.05320004753753;121.259699074486;3.7275069690943;2.27536803691443;0.793264532972933;4.52077180617639;5.31403623778142;
ARG;-6.32444696052297;-0.762244252978153;5.562200435393;6.32444693059043;0.762244239644568;-3.54334540739985;2.78110131986701;133.123567074679;3.54334540739985;2.25725274797539;0.833217683922301;4.37656314198434;5.20978087659603;
GLN;-6.87903785760414;-0.701362609013172;6.177667857975;6.87903809162217;0.701362620169845;-3.79020007687032;3.0888376088122;119.860664830212;3.79020007687032;2.32540829903208;0.816412961690958;4.60661344405738;5.42302640574018;
CYS;-6.76341942602724;-0.813034617652483;5.950371042128;6.76341951854599;0.813034642414856;-3.78822700417966;2.97519231112439;124.439049872688;3.78822700417966;2.41172029539259;0.889505756163297;4.67773286172991;5.56723871925295;
HIS;-6.28160699383271;-0.982370642055182;5.299229475457;6.28160700471727;0.982370636885016;-3.63198892205476;2.64961808255367;139.729618839259;3.63198892205476;2.48929153103051;1.00449907689986;4.63648891129296;5.64098808954984;
ILE;-6.76635014812233;-0.526565131658737;6.239791481892;6.76635033860213;0.526565145536551;-3.64645771638178;3.11989241881514;118.667589208558;3.64645771638178;2.1309475086882;0.697705076143408;4.34416274182491;5.04186776729525;
LEU;-6.78749868415674;-0.530007248459802;6.257478891242;6.7874986270128;0.530007226690683;-3.65875313014811;3.12874570062365;118.33179867221;3.65875313014811;2.13927163722903;0.70098831007015;4.35974093337874;5.06072914208643;